[{"model": "contenttypes.contenttype", "pk": 1, "fields": {"app_label": "admin", "model": "logentry"}}, {"model": "contenttypes.contenttype", "pk": 2, "fields": {"app_label": "auth", "model": "permission"}}, {"model": "contenttypes.contenttype", "pk": 3, "fields": {"app_label": "auth", "model": "group"}}, {"model": "contenttypes.contenttype", "pk": 4, "fields": {"app_label": "auth", "model": "user"}}, {"model": "contenttypes.contenttype", "pk": 5, "fields": {"app_label": "contenttypes", "model": "contenttype"}}, {"model": "contenttypes.contenttype", "pk": 6, "fields": {"app_label": "sessions", "model": "session"}}, {"model": "contenttypes.contenttype", "pk": 7, "fields": {"app_label": "blog", "model": "blogtype"}}, {"model": "contenttypes.contenttype", "pk": 8, "fields": {"app_label": "blog", "model": "blog"}}, {"model": "contenttypes.contenttype", "pk": 9, "fields": {"app_label": "blog", "model": "readnum"}}, {"model": "contenttypes.contenttype", "pk": 10, "fields": {"app_label": "read_statistics", "model": "readnum"}}, {"model": "contenttypes.contenttype", "pk": 11, "fields": {"app_label": "read_statistics", "model": "readdetail"}}, {"model": "contenttypes.contenttype", "pk": 12, "fields": {"app_label": "comment", "model": "comment"}}, {"model": "contenttypes.contenttype", "pk": 13, "fields": {"app_label": "likes", "model": "likerecord"}}, {"model": "contenttypes.contenttype", "pk": 14, "fields": {"app_label": "likes", "model": "likecount"}}, {"model": "contenttypes.contenttype", "pk": 15, "fields": {"app_label": "user", "model": "profile"}}, {"model": "sessions.session", "pk": "00fckxitaogjpg0f66trsyxwyturbqm9", "fields": {"session_data": "MmYyODY3NTA2YzA5ZjQwYjkyMmY1MTVhZjZhNGZkNDFhN2IyMzY2Zjp7Il9hdXRoX3VzZXJfaWQiOiIxIiwiX2F1dGhfdXNlcl9iYWNrZW5kIjoiZGphbmdvLmNvbnRyaWIuYXV0aC5iYWNrZW5kcy5Nb2RlbEJhY2tlbmQiLCJfYXV0aF91c2VyX2hhc2giOiI2NGQ1M2QwMmYyMTllOTczYTE1NWMzODdiNDJhZjZmMDRmNGE1MzQ2In0=", "expire_date": "2019-10-27T02:28:07.655Z"}}, {"model": "sessions.session", "pk": "4eenkhveu7s7hpwhxcfseewbw5st96to", "fields": {"session_data": "MmYyODY3NTA2YzA5ZjQwYjkyMmY1MTVhZjZhNGZkNDFhN2IyMzY2Zjp7Il9hdXRoX3VzZXJfaWQiOiIxIiwiX2F1dGhfdXNlcl9iYWNrZW5kIjoiZGphbmdvLmNvbnRyaWIuYXV0aC5iYWNrZW5kcy5Nb2RlbEJhY2tlbmQiLCJfYXV0aF91c2VyX2hhc2giOiI2NGQ1M2QwMmYyMTllOTczYTE1NWMzODdiNDJhZjZmMDRmNGE1MzQ2In0=", "expire_date": "2019-11-30T08:00:22.215Z"}}, {"model": "sessions.session", "pk": "6b0qdv0cf5gp3k5fkg38xlc3itzmucgy", "fields": {"session_data": "MmYyODY3NTA2YzA5ZjQwYjkyMmY1MTVhZjZhNGZkNDFhN2IyMzY2Zjp7Il9hdXRoX3VzZXJfaWQiOiIxIiwiX2F1dGhfdXNlcl9iYWNrZW5kIjoiZGphbmdvLmNvbnRyaWIuYXV0aC5iYWNrZW5kcy5Nb2RlbEJhY2tlbmQiLCJfYXV0aF91c2VyX2hhc2giOiI2NGQ1M2QwMmYyMTllOTczYTE1NWMzODdiNDJhZjZmMDRmNGE1MzQ2In0=", "expire_date": "2019-12-28T00:51:07.433Z"}}, {"model": "sessions.session", "pk": "8ghwkxw988ofnyuif0kf8q1ozgwnthr1", "fields": {"session_data": "MmYyODY3NTA2YzA5ZjQwYjkyMmY1MTVhZjZhNGZkNDFhN2IyMzY2Zjp7Il9hdXRoX3VzZXJfaWQiOiIxIiwiX2F1dGhfdXNlcl9iYWNrZW5kIjoiZGphbmdvLmNvbnRyaWIuYXV0aC5iYWNrZW5kcy5Nb2RlbEJhY2tlbmQiLCJfYXV0aF91c2VyX2hhc2giOiI2NGQ1M2QwMmYyMTllOTczYTE1NWMzODdiNDJhZjZmMDRmNGE1MzQ2In0=", "expire_date": "2019-11-30T07:54:37.769Z"}}, {"model": "sessions.session", "pk": "9l5jlgitb7ocvwnna2mpmizqk2p8cijf", "fields": {"session_data": "MzA1ZGU3YTk1ZGMyZjQxODFlY2NiNTE2NzU0ZjkwNzI3OTQ4NzhiMzp7fQ==", "expire_date": "2019-12-26T06:56:15.681Z"}}, {"model": "sessions.session", "pk": "9mv7voknz856tazq9xoisybqrciukfa4", "fields": {"session_data": "MzA1ZGU3YTk1ZGMyZjQxODFlY2NiNTE2NzU0ZjkwNzI3OTQ4NzhiMzp7fQ==", "expire_date": "2019-12-28T00:42:03.416Z"}}, {"model": "sessions.session", "pk": "a75onl79vqe4b66xqbr7jifyfqp9mff1", "fields": {"session_data": "MmYyODY3NTA2YzA5ZjQwYjkyMmY1MTVhZjZhNGZkNDFhN2IyMzY2Zjp7Il9hdXRoX3VzZXJfaWQiOiIxIiwiX2F1dGhfdXNlcl9iYWNrZW5kIjoiZGphbmdvLmNvbnRyaWIuYXV0aC5iYWNrZW5kcy5Nb2RlbEJhY2tlbmQiLCJfYXV0aF91c2VyX2hhc2giOiI2NGQ1M2QwMmYyMTllOTczYTE1NWMzODdiNDJhZjZmMDRmNGE1MzQ2In0=", "expire_date": "2019-11-21T09:12:40.483Z"}}, {"model": "sessions.session", "pk": "goyv4o40i0sadwf781ckow0ynw4qtuoo", "fields": {"session_data": "MzA1ZGU3YTk1ZGMyZjQxODFlY2NiNTE2NzU0ZjkwNzI3OTQ4NzhiMzp7fQ==", "expire_date": "2019-11-21T08:15:30.941Z"}}, {"model": "sessions.session", "pk": "gv65w3bj54o2816fg2rz7dcn454lde2p", "fields": {"session_data": "MzA1ZGU3YTk1ZGMyZjQxODFlY2NiNTE2NzU0ZjkwNzI3OTQ4NzhiMzp7fQ==", "expire_date": "2019-12-28T00:42:30.524Z"}}, {"model": "sessions.session", "pk": "hh92x8wz854o7wxlms8odg4t4j6bvia0", "fields": {"session_data": "MzA1ZGU3YTk1ZGMyZjQxODFlY2NiNTE2NzU0ZjkwNzI3OTQ4NzhiMzp7fQ==", "expire_date": "2019-12-26T06:59:11.798Z"}}, {"model": "sessions.session", "pk": "ifusmh2n40hxkgsem1xmf68pug3xopy7", "fields": {"session_data": "MzA1ZGU3YTk1ZGMyZjQxODFlY2NiNTE2NzU0ZjkwNzI3OTQ4NzhiMzp7fQ==", "expire_date": "2019-12-26T06:52:38.965Z"}}, {"model": "sessions.session", "pk": "ivdbgtfph9oxxrrgjkx2pz7dec5qp4hw", "fields": {"session_data": "MmYyODY3NTA2YzA5ZjQwYjkyMmY1MTVhZjZhNGZkNDFhN2IyMzY2Zjp7Il9hdXRoX3VzZXJfaWQiOiIxIiwiX2F1dGhfdXNlcl9iYWNrZW5kIjoiZGphbmdvLmNvbnRyaWIuYXV0aC5iYWNrZW5kcy5Nb2RlbEJhY2tlbmQiLCJfYXV0aF91c2VyX2hhc2giOiI2NGQ1M2QwMmYyMTllOTczYTE1NWMzODdiNDJhZjZmMDRmNGE1MzQ2In0=", "expire_date": "2019-11-21T14:39:22.964Z"}}, {"model": "sessions.session", "pk": "j8kqvbfed0rc4xc1dezrd90wxja3psh0", "fields": {"session_data": "MmYyODY3NTA2YzA5ZjQwYjkyMmY1MTVhZjZhNGZkNDFhN2IyMzY2Zjp7Il9hdXRoX3VzZXJfaWQiOiIxIiwiX2F1dGhfdXNlcl9iYWNrZW5kIjoiZGphbmdvLmNvbnRyaWIuYXV0aC5iYWNrZW5kcy5Nb2RlbEJhY2tlbmQiLCJfYXV0aF91c2VyX2hhc2giOiI2NGQ1M2QwMmYyMTllOTczYTE1NWMzODdiNDJhZjZmMDRmNGE1MzQ2In0=", "expire_date": "2019-10-27T02:08:51.590Z"}}, {"model": "sessions.session", "pk": "ksdvrt6zomjvpvdaas4crwi4ie6yalv3", "fields": {"session_data": "MmYyODY3NTA2YzA5ZjQwYjkyMmY1MTVhZjZhNGZkNDFhN2IyMzY2Zjp7Il9hdXRoX3VzZXJfaWQiOiIxIiwiX2F1dGhfdXNlcl9iYWNrZW5kIjoiZGphbmdvLmNvbnRyaWIuYXV0aC5iYWNrZW5kcy5Nb2RlbEJhY2tlbmQiLCJfYXV0aF91c2VyX2hhc2giOiI2NGQ1M2QwMmYyMTllOTczYTE1NWMzODdiNDJhZjZmMDRmNGE1MzQ2In0=", "expire_date": "2019-12-27T00:31:06.496Z"}}, {"model": "sessions.session", "pk": "nvik97cho1atx9e6e219pbq8qfd8c0u3", "fields": {"session_data": "MzA1ZGU3YTk1ZGMyZjQxODFlY2NiNTE2NzU0ZjkwNzI3OTQ4NzhiMzp7fQ==", "expire_date": "2019-11-21T08:15:49.213Z"}}, {"model": "sessions.session", "pk": "o3flxr2fbvbnkpuq9vf943zyooga1jjz", "fields": {"session_data": "MzA1ZGU3YTk1ZGMyZjQxODFlY2NiNTE2NzU0ZjkwNzI3OTQ4NzhiMzp7fQ==", "expire_date": "2019-12-28T00:50:32.901Z"}}, {"model": "sessions.session", "pk": "t6polqcdkt20gg1oovqwclew6ucdtngw", "fields": {"session_data": "MzA1ZGU3YTk1ZGMyZjQxODFlY2NiNTE2NzU0ZjkwNzI3OTQ4NzhiMzp7fQ==", "expire_date": "2019-12-26T07:12:13.763Z"}}, {"model": "sessions.session", "pk": "ubtn402tzqj208v5ec8x06kc8xack8vr", "fields": {"session_data": "MmYyODY3NTA2YzA5ZjQwYjkyMmY1MTVhZjZhNGZkNDFhN2IyMzY2Zjp7Il9hdXRoX3VzZXJfaWQiOiIxIiwiX2F1dGhfdXNlcl9iYWNrZW5kIjoiZGphbmdvLmNvbnRyaWIuYXV0aC5iYWNrZW5kcy5Nb2RlbEJhY2tlbmQiLCJfYXV0aF91c2VyX2hhc2giOiI2NGQ1M2QwMmYyMTllOTczYTE1NWMzODdiNDJhZjZmMDRmNGE1MzQ2In0=", "expire_date": "2019-11-04T06:54:35.501Z"}}, {"model": "sessions.session", "pk": "v0fyakw61ky39zcwwhtv9cjs4e63yqwk", "fields": {"session_data": "MmYyODY3NTA2YzA5ZjQwYjkyMmY1MTVhZjZhNGZkNDFhN2IyMzY2Zjp7Il9hdXRoX3VzZXJfaWQiOiIxIiwiX2F1dGhfdXNlcl9iYWNrZW5kIjoiZGphbmdvLmNvbnRyaWIuYXV0aC5iYWNrZW5kcy5Nb2RlbEJhY2tlbmQiLCJfYXV0aF91c2VyX2hhc2giOiI2NGQ1M2QwMmYyMTllOTczYTE1NWMzODdiNDJhZjZmMDRmNGE1MzQ2In0=", "expire_date": "2019-11-04T15:18:14.692Z"}}, {"model": "sessions.session", "pk": "vg30jekw1ejp3mtjw557f0rwwrj9wa7d", "fields": {"session_data": "MzA1ZGU3YTk1ZGMyZjQxODFlY2NiNTE2NzU0ZjkwNzI3OTQ4NzhiMzp7fQ==", "expire_date": "2019-12-26T06:50:40.949Z"}}, {"model": "sessions.session", "pk": "x7k7sp1bn0eqabbe2qpp51ydch5b3vhx", "fields": {"session_data": "MmYyODY3NTA2YzA5ZjQwYjkyMmY1MTVhZjZhNGZkNDFhN2IyMzY2Zjp7Il9hdXRoX3VzZXJfaWQiOiIxIiwiX2F1dGhfdXNlcl9iYWNrZW5kIjoiZGphbmdvLmNvbnRyaWIuYXV0aC5iYWNrZW5kcy5Nb2RlbEJhY2tlbmQiLCJfYXV0aF91c2VyX2hhc2giOiI2NGQ1M2QwMmYyMTllOTczYTE1NWMzODdiNDJhZjZmMDRmNGE1MzQ2In0=", "expire_date": "2019-11-04T16:20:14.145Z"}}, {"model": "sessions.session", "pk": "xk17gww6ko8f2q28jqkymn2up2mlv15z", "fields": {"session_data": "MzA1ZGU3YTk1ZGMyZjQxODFlY2NiNTE2NzU0ZjkwNzI3OTQ4NzhiMzp7fQ==", "expire_date": "2019-12-26T06:55:26.522Z"}}, {"model": "sessions.session", "pk": "yag18pv52pnbksau0x0vebf8q905448s", "fields": {"session_data": "MmYyODY3NTA2YzA5ZjQwYjkyMmY1MTVhZjZhNGZkNDFhN2IyMzY2Zjp7Il9hdXRoX3VzZXJfaWQiOiIxIiwiX2F1dGhfdXNlcl9iYWNrZW5kIjoiZGphbmdvLmNvbnRyaWIuYXV0aC5iYWNrZW5kcy5Nb2RlbEJhY2tlbmQiLCJfYXV0aF91c2VyX2hhc2giOiI2NGQ1M2QwMmYyMTllOTczYTE1NWMzODdiNDJhZjZmMDRmNGE1MzQ2In0=", "expire_date": "2019-11-02T11:57:03.550Z"}}, {"model": "sessions.session", "pk": "yyd3qfuvrl2nogb7j1kkxjihrxylp3z3", "fields": {"session_data": "YjRiYjdiZjEzZDkyNjBiZTZhOGU3NGEzNzI1MDUwYmY5MmQzYTlmYTp7Il9hdXRoX3VzZXJfaWQiOiIzIiwiX2F1dGhfdXNlcl9iYWNrZW5kIjoiZGphbmdvLmNvbnRyaWIuYXV0aC5iYWNrZW5kcy5Nb2RlbEJhY2tlbmQiLCJfYXV0aF91c2VyX2hhc2giOiI0ZTk3NzkxZTlhNWUyYWQ3YjU2OTJkYjQ1NGJlOTgwOTAwMWIxNzZmIn0=", "expire_date": "2019-12-29T08:40:48.916Z"}}, {"model": "sessions.session", "pk": "zh0hghhen0fp9i5x6ld6hgdnaqxitpv4", "fields": {"session_data": "MzA1ZGU3YTk1ZGMyZjQxODFlY2NiNTE2NzU0ZjkwNzI3OTQ4NzhiMzp7fQ==", "expire_date": "2019-12-26T06:54:49.775Z"}}, {"model": "blog.blogtype", "pk": 1, "fields": {"type_name": "\u968f\u7b14"}}, {"model": "blog.blogtype", "pk": 2, "fields": {"type_name": "django"}}, {"model": "read_statistics.readnum", "pk": 1, "fields": {"read_num": 1, "content_type": 8, "object_id": 36}}, {"model": "read_statistics.readnum", "pk": 2, "fields": {"read_num": 4, "content_type": 8, "object_id": 5}}, {"model": "read_statistics.readnum", "pk": 3, "fields": {"read_num": 1, "content_type": 8, "object_id": 4}}, {"model": "read_statistics.readnum", "pk": 4, "fields": {"read_num": 12, "content_type": 8, "object_id": 35}}, {"model": "read_statistics.readnum", "pk": 5, "fields": {"read_num": 7, "content_type": 8, "object_id": 34}}, {"model": "read_statistics.readnum", "pk": 6, "fields": {"read_num": 5, "content_type": 8, "object_id": 33}}, {"model": "read_statistics.readnum", "pk": 7, "fields": {"read_num": 1, "content_type": 8, "object_id": 3}}, {"model": "read_statistics.readnum", "pk": 8, "fields": {"read_num": 2, "content_type": 8, "object_id": 32}}, {"model": "read_statistics.readnum", "pk": 9, "fields": {"read_num": 2, "content_type": 8, "object_id": 31}}, {"model": "read_statistics.readnum", "pk": 10, "fields": {"read_num": 1, "content_type": 8, "object_id": 6}}, {"model": "read_statistics.readnum", "pk": 11, "fields": {"read_num": 8, "content_type": 8, "object_id": 37}}, {"model": "read_statistics.readdetail", "pk": 1, "fields": {"date": "2019-10-21", "read_num": 4, "content_type": 8, "object_id": 35}}, {"model": "read_statistics.readdetail", "pk": 2, "fields": {"date": "2019-10-21", "read_num": 1, "content_type": 8, "object_id": 31}}, {"model": "read_statistics.readdetail", "pk": 3, "fields": {"date": "2019-10-21", "read_num": 2, "content_type": 8, "object_id": 34}}, {"model": "read_statistics.readdetail", "pk": 4, "fields": {"date": "2019-10-21", "read_num": 2, "content_type": 8, "object_id": 33}}, {"model": "read_statistics.readdetail", "pk": 5, "fields": {"date": "2019-10-21", "read_num": 1, "content_type": 8, "object_id": 32}}, {"model": "read_statistics.readdetail", "pk": 6, "fields": {"date": "2019-10-22", "read_num": 2, "content_type": 8, "object_id": 35}}, {"model": "read_statistics.readdetail", "pk": 7, "fields": {"date": "2019-10-22", "read_num": 1, "content_type": 8, "object_id": 34}}, {"model": "read_statistics.readdetail", "pk": 8, "fields": {"date": "2019-10-22", "read_num": 1, "content_type": 8, "object_id": 6}}, {"model": "read_statistics.readdetail", "pk": 9, "fields": {"date": "2019-11-05", "read_num": 1, "content_type": 8, "object_id": 35}}, {"model": "read_statistics.readdetail", "pk": 10, "fields": {"date": "2019-11-05", "read_num": 1, "content_type": 8, "object_id": 34}}, {"model": "read_statistics.readdetail", "pk": 11, "fields": {"date": "2019-11-07", "read_num": 1, "content_type": 8, "object_id": 34}}, {"model": "read_statistics.readdetail", "pk": 12, "fields": {"date": "2019-11-07", "read_num": 3, "content_type": 8, "object_id": 35}}, {"model": "read_statistics.readdetail", "pk": 13, "fields": {"date": "2019-11-07", "read_num": 2, "content_type": 8, "object_id": 37}}, {"model": "read_statistics.readdetail", "pk": 14, "fields": {"date": "2019-11-09", "read_num": 1, "content_type": 8, "object_id": 5}}, {"model": "read_statistics.readdetail", "pk": 15, "fields": {"date": "2019-11-10", "read_num": 1, "content_type": 8, "object_id": 37}}, {"model": "read_statistics.readdetail", "pk": 16, "fields": {"date": "2019-11-16", "read_num": 2, "content_type": 8, "object_id": 5}}, {"model": "read_statistics.readdetail", "pk": 17, "fields": {"date": "2019-11-16", "read_num": 1, "content_type": 8, "object_id": 37}}, {"model": "read_statistics.readdetail", "pk": 18, "fields": {"date": "2019-12-12", "read_num": 2, "content_type": 8, "object_id": 37}}, {"model": "read_statistics.readdetail", "pk": 19, "fields": {"date": "2019-12-12", "read_num": 1, "content_type": 8, "object_id": 33}}, {"model": "read_statistics.readdetail", "pk": 20, "fields": {"date": "2019-12-12", "read_num": 1, "content_type": 8, "object_id": 35}}, {"model": "read_statistics.readdetail", "pk": 21, "fields": {"date": "2019-12-14", "read_num": 2, "content_type": 8, "object_id": 37}}, {"model": "read_statistics.readdetail", "pk": 22, "fields": {"date": "2019-12-15", "read_num": 1, "content_type": 8, "object_id": 35}}, {"model": "likes.likecount", "pk": 1, "fields": {"content_type": 8, "object_id": 37, "liked_num": 1}}, {"model": "likes.likecount", "pk": 2, "fields": {"content_type": 12, "object_id": 30, "liked_num": 0}}, {"model": "likes.likecount", "pk": 3, "fields": {"content_type": 12, "object_id": 29, "liked_num": 0}}, {"model": "likes.likecount", "pk": 4, "fields": {"content_type": 12, "object_id": 19, "liked_num": 0}}, {"model": "likes.likecount", "pk": 5, "fields": {"content_type": 12, "object_id": 17, "liked_num": 0}}, {"model": "likes.likecount", "pk": 6, "fields": {"content_type": 12, "object_id": 16, "liked_num": 1}}, {"model": "likes.likecount", "pk": 7, "fields": {"content_type": 12, "object_id": 15, "liked_num": 1}}, {"model": "likes.likecount", "pk": 8, "fields": {"content_type": 12, "object_id": 14, "liked_num": 1}}, {"model": "likes.likecount", "pk": 9, "fields": {"content_type": 12, "object_id": 13, "liked_num": 0}}, {"model": "likes.likecount", "pk": 10, "fields": {"content_type": 12, "object_id": 12, "liked_num": 0}}, {"model": "likes.likecount", "pk": 11, "fields": {"content_type": 12, "object_id": 11, "liked_num": 0}}, {"model": "likes.likecount", "pk": 12, "fields": {"content_type": 12, "object_id": 10, "liked_num": 0}}, {"model": "likes.likecount", "pk": 13, "fields": {"content_type": 8, "object_id": 35, "liked_num": 0}}, {"model": "likes.likecount", "pk": 14, "fields": {"content_type": 12, "object_id": 39, "liked_num": 0}}, {"model": "likes.likecount", "pk": 15, "fields": {"content_type": 12, "object_id": 40, "liked_num": 0}}, {"model": "likes.likecount", "pk": 16, "fields": {"content_type": 12, "object_id": 9, "liked_num": 0}}, {"model": "likes.likecount", "pk": 17, "fields": {"content_type": 12, "object_id": 33, "liked_num": 0}}, {"model": "likes.likecount", "pk": 18, "fields": {"content_type": 12, "object_id": 34, "liked_num": 0}}, {"model": "likes.likecount", "pk": 19, "fields": {"content_type": 12, "object_id": 35, "liked_num": 0}}, {"model": "likes.likecount", "pk": 20, "fields": {"content_type": 12, "object_id": 36, "liked_num": 0}}, {"model": "likes.likecount", "pk": 21, "fields": {"content_type": 12, "object_id": 37, "liked_num": 0}}, {"model": "likes.likecount", "pk": 22, "fields": {"content_type": 12, "object_id": 38, "liked_num": 0}}, {"model": "likes.likecount", "pk": 23, "fields": {"content_type": 12, "object_id": 8, "liked_num": 0}}, {"model": "likes.likecount", "pk": 24, "fields": {"content_type": 12, "object_id": 7, "liked_num": 0}}, {"model": "likes.likecount", "pk": 25, "fields": {"content_type": 12, "object_id": 6, "liked_num": 0}}, {"model": "likes.likecount", "pk": 26, "fields": {"content_type": 12, "object_id": 5, "liked_num": 0}}, {"model": "likes.likecount", "pk": 27, "fields": {"content_type": 12, "object_id": 4, "liked_num": 0}}, {"model": "likes.likecount", "pk": 28, "fields": {"content_type": 12, "object_id": 32, "liked_num": 0}}, {"model": "likes.likecount", "pk": 29, "fields": {"content_type": 12, "object_id": 3, "liked_num": 0}}, {"model": "likes.likecount", "pk": 30, "fields": {"content_type": 12, "object_id": 41, "liked_num": 0}}, {"model": "likes.likecount", "pk": 31, "fields": {"content_type": 12, "object_id": 42, "liked_num": 0}}, {"model": "likes.likecount", "pk": 32, "fields": {"content_type": 12, "object_id": 43, "liked_num": 1}}, {"model": "likes.likecount", "pk": 33, "fields": {"content_type": 12, "object_id": 44, "liked_num": 1}}, {"model": "likes.likecount", "pk": 34, "fields": {"content_type": 12, "object_id": 45, "liked_num": 0}}, {"model": "likes.likecount", "pk": 35, "fields": {"content_type": 8, "object_id": 5, "liked_num": 0}}, {"model": "likes.likecount", "pk": 36, "fields": {"content_type": 12, "object_id": 31, "liked_num": 1}}, {"model": "likes.likecount", "pk": 37, "fields": {"content_type": 8, "object_id": 33, "liked_num": 0}}, {"model": "likes.likecount", "pk": 38, "fields": {"content_type": 12, "object_id": 46, "liked_num": 0}}, {"model": "likes.likecount", "pk": 39, "fields": {"content_type": 12, "object_id": 47, "liked_num": 0}}, {"model": "likes.likecount", "pk": 40, "fields": {"content_type": 12, "object_id": 48, "liked_num": 0}}, {"model": "likes.likecount", "pk": 41, "fields": {"content_type": 12, "object_id": 49, "liked_num": 1}}, {"model": "likes.likecount", "pk": 42, "fields": {"content_type": 12, "object_id": 50, "liked_num": 0}}, {"model": "likes.likecount", "pk": 43, "fields": {"content_type": 12, "object_id": 51, "liked_num": 0}}, {"model": "likes.likecount", "pk": 44, "fields": {"content_type": 12, "object_id": 52, "liked_num": 0}}, {"model": "likes.likecount", "pk": 45, "fields": {"content_type": 12, "object_id": 54, "liked_num": 0}}, {"model": "likes.likecount", "pk": 46, "fields": {"content_type": 12, "object_id": 55, "liked_num": 0}}, {"model": "likes.likecount", "pk": 47, "fields": {"content_type": 12, "object_id": 53, "liked_num": 0}}, {"model": "auth.permission", "pk": 1, "fields": {"name": "Can add log entry", "content_type": 1, "codename": "add_logentry"}}, {"model": "auth.permission", "pk": 2, "fields": {"name": "Can change log entry", "content_type": 1, "codename": "change_logentry"}}, {"model": "auth.permission", "pk": 3, "fields": {"name": "Can delete log entry", "content_type": 1, "codename": "delete_logentry"}}, {"model": "auth.permission", "pk": 4, "fields": {"name": "Can view log entry", "content_type": 1, "codename": "view_logentry"}}, {"model": "auth.permission", "pk": 5, "fields": {"name": "Can add permission", "content_type": 2, "codename": "add_permission"}}, {"model": "auth.permission", "pk": 6, "fields": {"name": "Can change permission", "content_type": 2, "codename": "change_permission"}}, {"model": "auth.permission", "pk": 7, "fields": {"name": "Can delete permission", "content_type": 2, "codename": "delete_permission"}}, {"model": "auth.permission", "pk": 8, "fields": {"name": "Can view permission", "content_type": 2, "codename": "view_permission"}}, {"model": "auth.permission", "pk": 9, "fields": {"name": "Can add group", "content_type": 3, "codename": "add_group"}}, {"model": "auth.permission", "pk": 10, "fields": {"name": "Can change group", "content_type": 3, "codename": "change_group"}}, {"model": "auth.permission", "pk": 11, "fields": {"name": "Can delete group", "content_type": 3, "codename": "delete_group"}}, {"model": "auth.permission", "pk": 12, "fields": {"name": "Can view group", "content_type": 3, "codename": "view_group"}}, {"model": "auth.permission", "pk": 13, "fields": {"name": "Can add user", "content_type": 4, "codename": "add_user"}}, {"model": "auth.permission", "pk": 14, "fields": {"name": "Can change user", "content_type": 4, "codename": "change_user"}}, {"model": "auth.permission", "pk": 15, "fields": {"name": "Can delete user", "content_type": 4, "codename": "delete_user"}}, {"model": "auth.permission", "pk": 16, "fields": {"name": "Can view user", "content_type": 4, "codename": "view_user"}}, {"model": "auth.permission", "pk": 17, "fields": {"name": "Can add content type", "content_type": 5, "codename": "add_contenttype"}}, {"model": "auth.permission", "pk": 18, "fields": {"name": "Can change content type", "content_type": 5, "codename": "change_contenttype"}}, {"model": "auth.permission", "pk": 19, "fields": {"name": "Can delete content type", "content_type": 5, "codename": "delete_contenttype"}}, {"model": "auth.permission", "pk": 20, "fields": {"name": "Can view content type", "content_type": 5, "codename": "view_contenttype"}}, {"model": "auth.permission", "pk": 21, "fields": {"name": "Can add session", "content_type": 6, "codename": "add_session"}}, {"model": "auth.permission", "pk": 22, "fields": {"name": "Can change session", "content_type": 6, "codename": "change_session"}}, {"model": "auth.permission", "pk": 23, "fields": {"name": "Can delete session", "content_type": 6, "codename": "delete_session"}}, {"model": "auth.permission", "pk": 24, "fields": {"name": "Can view session", "content_type": 6, "codename": "view_session"}}, {"model": "auth.permission", "pk": 25, "fields": {"name": "Can add blog type", "content_type": 7, "codename": "add_blogtype"}}, {"model": "auth.permission", "pk": 26, "fields": {"name": "Can change blog type", "content_type": 7, "codename": "change_blogtype"}}, {"model": "auth.permission", "pk": 27, "fields": {"name": "Can delete blog type", "content_type": 7, "codename": "delete_blogtype"}}, {"model": "auth.permission", "pk": 28, "fields": {"name": "Can view blog type", "content_type": 7, "codename": "view_blogtype"}}, {"model": "auth.permission", "pk": 29, "fields": {"name": "Can add blog", "content_type": 8, "codename": "add_blog"}}, {"model": "auth.permission", "pk": 30, "fields": {"name": "Can change blog", "content_type": 8, "codename": "change_blog"}}, {"model": "auth.permission", "pk": 31, "fields": {"name": "Can delete blog", "content_type": 8, "codename": "delete_blog"}}, {"model": "auth.permission", "pk": 32, "fields": {"name": "Can view blog", "content_type": 8, "codename": "view_blog"}}, {"model": "auth.permission", "pk": 33, "fields": {"name": "Can add read num", "content_type": 9, "codename": "add_readnum"}}, {"model": "auth.permission", "pk": 34, "fields": {"name": "Can change read num", "content_type": 9, "codename": "change_readnum"}}, {"model": "auth.permission", "pk": 35, "fields": {"name": "Can delete read num", "content_type": 9, "codename": "delete_readnum"}}, {"model": "auth.permission", "pk": 36, "fields": {"name": "Can view read num", "content_type": 9, "codename": "view_readnum"}}, {"model": "auth.permission", "pk": 37, "fields": {"name": "Can add read num", "content_type": 10, "codename": "add_readnum"}}, {"model": "auth.permission", "pk": 38, "fields": {"name": "Can change read num", "content_type": 10, "codename": "change_readnum"}}, {"model": "auth.permission", "pk": 39, "fields": {"name": "Can delete read num", "content_type": 10, "codename": "delete_readnum"}}, {"model": "auth.permission", "pk": 40, "fields": {"name": "Can view read num", "content_type": 10, "codename": "view_readnum"}}, {"model": "auth.permission", "pk": 41, "fields": {"name": "Can add read detail", "content_type": 11, "codename": "add_readdetail"}}, {"model": "auth.permission", "pk": 42, "fields": {"name": "Can change read detail", "content_type": 11, "codename": "change_readdetail"}}, {"model": "auth.permission", "pk": 43, "fields": {"name": "Can delete read detail", "content_type": 11, "codename": "delete_readdetail"}}, {"model": "auth.permission", "pk": 44, "fields": {"name": "Can view read detail", "content_type": 11, "codename": "view_readdetail"}}, {"model": "auth.permission", "pk": 45, "fields": {"name": "Can add comment", "content_type": 12, "codename": "add_comment"}}, {"model": "auth.permission", "pk": 46, "fields": {"name": "Can change comment", "content_type": 12, "codename": "change_comment"}}, {"model": "auth.permission", "pk": 47, "fields": {"name": "Can delete comment", "content_type": 12, "codename": "delete_comment"}}, {"model": "auth.permission", "pk": 48, "fields": {"name": "Can view comment", "content_type": 12, "codename": "view_comment"}}, {"model": "auth.permission", "pk": 49, "fields": {"name": "Can add like record", "content_type": 13, "codename": "add_likerecord"}}, {"model": "auth.permission", "pk": 50, "fields": {"name": "Can change like record", "content_type": 13, "codename": "change_likerecord"}}, {"model": "auth.permission", "pk": 51, "fields": {"name": "Can delete like record", "content_type": 13, "codename": "delete_likerecord"}}, {"model": "auth.permission", "pk": 52, "fields": {"name": "Can view like record", "content_type": 13, "codename": "view_likerecord"}}, {"model": "auth.permission", "pk": 53, "fields": {"name": "Can add like count", "content_type": 14, "codename": "add_likecount"}}, {"model": "auth.permission", "pk": 54, "fields": {"name": "Can change like count", "content_type": 14, "codename": "change_likecount"}}, {"model": "auth.permission", "pk": 55, "fields": {"name": "Can delete like count", "content_type": 14, "codename": "delete_likecount"}}, {"model": "auth.permission", "pk": 56, "fields": {"name": "Can view like count", "content_type": 14, "codename": "view_likecount"}}, {"model": "auth.permission", "pk": 57, "fields": {"name": "Can add profile", "content_type": 15, "codename": "add_profile"}}, {"model": "auth.permission", "pk": 58, "fields": {"name": "Can change profile", "content_type": 15, "codename": "change_profile"}}, {"model": "auth.permission", "pk": 59, "fields": {"name": "Can delete profile", "content_type": 15, "codename": "delete_profile"}}, {"model": "auth.permission", "pk": 60, "fields": {"name": "Can view profile", "content_type": 15, "codename": "view_profile"}}, {"model": "auth.user", "pk": 1, "fields": {"password": "pbkdf2_sha256$150000$objZzsQvPMb0$msf014ML7Uswzukk5htKOGVTRQB3zAfGtBB0iQ+Yjbk=", "last_login": "2019-12-15T08:35:34.371Z", "is_superuser": true, "username": "kk", "first_name": "", "last_name": "", "email": "", "is_staff": true, "is_active": true, "date_joined": "2019-10-13T02:03:00Z", "groups": [], "user_permissions": []}}, {"model": "auth.user", "pk": 2, "fields": {"password": "pbkdf2_sha256$150000$RAdp47upW75H$tDOsM9K/lYq9ZDmM+08FrXhDK11MeAYaGLIP6rVRhlk=", "last_login": "2019-11-07T09:34:05.483Z", "is_superuser": false, "username": "111", "first_name": "", "last_name": "", "email": "1@11.com", "is_staff": false, "is_active": true, "date_joined": "2019-11-07T09:34:04.574Z", "groups": [], "user_permissions": []}}, {"model": "auth.user", "pk": 3, "fields": {"password": "pbkdf2_sha256$150000$yoBY3aWGtvfd$TZx1kZl5Z6pGSXWT8Zjup1iW4NBu5T2jooWpPbt11U8=", "last_login": "2019-12-15T08:40:48.757Z", "is_superuser": false, "username": "kk2", "first_name": "", "last_name": "", "email": "815000342@qq.com", "is_staff": false, "is_active": true, "date_joined": "2019-12-15T06:08:40.689Z", "groups": [], "user_permissions": []}}, {"model": "blog.blog", "pk": 3, "fields": {"title": "ddddddddddddd", "blog_type": 1, "content": "2", "author": 1, "created_time": "2019-10-15T06:23:07.343Z", "last_updated_time": "2019-10-15T06:25:37.250Z"}}, {"model": "blog.blog", "pk": 4, "fields": {"title": "12344", "blog_type": 1, "content": "2", "author": 1, "created_time": "2019-10-15T15:37:02.267Z", "last_updated_time": "2019-10-15T15:37:02.267Z"}}, {"model": "blog.blog", "pk": 5, "fields": {"title": "\u5fcd\u6cd5\u5e16", "blog_type": 2, "content": "<h2 style=\"font-style:italic\"><u><em><strong>\u4f46\u4e8b\u5b9e\u4e0a\u6240\u6240\u6240\u6240\u6240\u6240<s>\u6240\u6240\u6240&middot;</s></strong></em></u></h2>", "author": 1, "created_time": "2019-10-15T15:37:26.450Z", "last_updated_time": "2019-10-20T12:03:13.115Z"}}, {"model": "blog.blog", "pk": 6, "fields": {"title": "shell\u4e0b\u7684\u7b2c\u4e00\u7bc7\u6587\u7ae0", "blog_type": 1, "content": "2", "author": 1, "created_time": "2019-10-19T08:22:47.557Z", "last_updated_time": "2019-10-19T08:22:47.557Z"}}, {"model": "blog.blog", "pk": 7, "fields": {"title": "for 1", "blog_type": 1, "content": "2", "author": 1, "created_time": "2019-10-19T10:55:52.801Z", "last_updated_time": "2019-10-19T10:55:52.801Z"}}, {"model": "blog.blog", "pk": 8, "fields": {"title": "for 2", "blog_type": 1, "content": "2", "author": 1, "created_time": "2019-10-19T10:55:53.024Z", "last_updated_time": "2019-10-19T10:55:53.024Z"}}, {"model": "blog.blog", "pk": 9, "fields": {"title": "for 3", "blog_type": 1, "content": "2", "author": 1, "created_time": "2019-10-19T10:55:53.179Z", "last_updated_time": "2019-10-19T10:55:53.179Z"}}, {"model": "blog.blog", "pk": 10, "fields": {"title": "for 4", "blog_type": 1, "content": "2", "author": 1, "created_time": "2019-10-19T10:55:53.349Z", "last_updated_time": "2019-10-19T10:55:53.349Z"}}, {"model": "blog.blog", "pk": 11, "fields": {"title": "for 5", "blog_type": 1, "content": "2", "author": 1, "created_time": "2019-10-19T10:55:53.519Z", "last_updated_time": "2019-10-19T10:55:53.519Z"}}, {"model": "blog.blog", "pk": 12, "fields": {"title": "for 6", "blog_type": 1, "content": "2", "author": 1, "created_time": "2019-10-19T10:55:53.689Z", "last_updated_time": "2019-10-19T10:55:53.689Z"}}, {"model": "blog.blog", "pk": 13, "fields": {"title": "for 7", "blog_type": 1, "content": "2", "author": 1, "created_time": "2019-10-19T10:55:53.849Z", "last_updated_time": "2019-10-19T10:55:53.849Z"}}, {"model": "blog.blog", "pk": 14, "fields": {"title": "for 8", "blog_type": 1, "content": "2", "author": 1, "created_time": "2019-10-19T10:55:54.018Z", "last_updated_time": "2019-10-19T10:55:54.018Z"}}, {"model": "blog.blog", "pk": 15, "fields": {"title": "for 9", "blog_type": 1, "content": "2", "author": 1, "created_time": "2019-10-19T10:55:54.198Z", "last_updated_time": "2019-10-19T10:55:54.198Z"}}, {"model": "blog.blog", "pk": 16, "fields": {"title": "for 10", "blog_type": 1, "content": "2", "author": 1, "created_time": "2019-10-19T10:55:54.358Z", "last_updated_time": "2019-10-19T10:55:54.358Z"}}, {"model": "blog.blog", "pk": 17, "fields": {"title": "for 11", "blog_type": 1, "content": "2", "author": 1, "created_time": "2019-10-19T10:55:54.519Z", "last_updated_time": "2019-10-19T10:55:54.519Z"}}, {"model": "blog.blog", "pk": 18, "fields": {"title": "for 12", "blog_type": 1, "content": "2", "author": 1, "created_time": "2019-10-19T10:55:54.708Z", "last_updated_time": "2019-10-19T10:55:54.708Z"}}, {"model": "blog.blog", "pk": 19, "fields": {"title": "for 13", "blog_type": 1, "content": "2", "author": 1, "created_time": "2019-10-19T10:55:54.888Z", "last_updated_time": "2019-10-19T10:55:54.888Z"}}, {"model": "blog.blog", "pk": 20, "fields": {"title": "for 14", "blog_type": 1, "content": "2", "author": 1, "created_time": "2019-10-19T10:55:55.059Z", "last_updated_time": "2019-10-19T10:55:55.059Z"}}, {"model": "blog.blog", "pk": 21, "fields": {"title": "for 15", "blog_type": 1, "content": "2", "author": 1, "created_time": "2019-10-19T10:55:55.219Z", "last_updated_time": "2019-10-19T10:55:55.219Z"}}, {"model": "blog.blog", "pk": 22, "fields": {"title": "for 16", "blog_type": 1, "content": "2", "author": 1, "created_time": "2019-10-19T10:55:55.389Z", "last_updated_time": "2019-10-19T10:55:55.389Z"}}, {"model": "blog.blog", "pk": 23, "fields": {"title": "for 17", "blog_type": 1, "content": "2", "author": 1, "created_time": "2019-10-19T10:55:55.548Z", "last_updated_time": "2019-10-19T10:55:55.548Z"}}, {"model": "blog.blog", "pk": 24, "fields": {"title": "for 18", "blog_type": 1, "content": "2", "author": 1, "created_time": "2019-10-19T10:55:55.708Z", "last_updated_time": "2019-10-19T10:55:55.708Z"}}, {"model": "blog.blog", "pk": 25, "fields": {"title": "for 19", "blog_type": 1, "content": "2", "author": 1, "created_time": "2019-10-19T10:55:55.859Z", "last_updated_time": "2019-10-19T10:55:55.859Z"}}, {"model": "blog.blog", "pk": 26, "fields": {"title": "for 20", "blog_type": 1, "content": "2", "author": 1, "created_time": "2019-10-19T10:55:56.049Z", "last_updated_time": "2019-10-19T10:55:56.049Z"}}, {"model": "blog.blog", "pk": 27, "fields": {"title": "for 21", "blog_type": 1, "content": "2", "author": 1, "created_time": "2019-10-19T10:55:56.209Z", "last_updated_time": "2019-10-19T10:55:56.209Z"}}, {"model": "blog.blog", "pk": 28, "fields": {"title": "for 22", "blog_type": 1, "content": "2", "author": 1, "created_time": "2019-10-19T10:55:56.389Z", "last_updated_time": "2019-10-19T10:55:56.389Z"}}, {"model": "blog.blog", "pk": 29, "fields": {"title": "for 23", "blog_type": 1, "content": "2", "author": 1, "created_time": "2019-10-19T10:55:56.558Z", "last_updated_time": "2019-10-19T10:55:56.558Z"}}, {"model": "blog.blog", "pk": 30, "fields": {"title": "for 24", "blog_type": 1, "content": "2", "author": 1, "created_time": "2019-10-19T10:55:56.729Z", "last_updated_time": "2019-10-19T10:55:56.729Z"}}, {"model": "blog.blog", "pk": 31, "fields": {"title": "for 25", "blog_type": 1, "content": "2", "author": 1, "created_time": "2019-10-19T10:55:56.909Z", "last_updated_time": "2019-10-20T13:36:06.939Z"}}, {"model": "blog.blog", "pk": 32, "fields": {"title": "for 26", "blog_type": 1, "content": "2", "author": 1, "created_time": "2019-10-19T10:55:57.079Z", "last_updated_time": "2019-10-20T13:35:12.815Z"}}, {"model": "blog.blog", "pk": 33, "fields": {"title": "for 27", "blog_type": 1, "content": "2", "author": 1, "created_time": "2019-10-19T10:55:57.248Z", "last_updated_time": "2019-10-20T13:32:11.789Z"}}, {"model": "blog.blog", "pk": 34, "fields": {"title": "for 28", "blog_type": 1, "content": "2", "author": 1, "created_time": "2019-10-19T10:55:57.418Z", "last_updated_time": "2019-10-20T13:31:56.477Z"}}, {"model": "blog.blog", "pk": 35, "fields": {"title": "for 29", "blog_type": 1, "content": "2", "author": 1, "created_time": "2019-10-19T10:55:57.608Z", "last_updated_time": "2019-10-20T13:31:24.206Z"}}, {"model": "blog.blog", "pk": 37, "fields": {"title": "for30", "blog_type": 2, "content": "<p>11<u><strong><em>11111111vvve</em></strong></u>www</p>", "author": 2, "created_time": "2019-11-07T09:54:14.555Z", "last_updated_time": "2019-11-07T09:54:14.555Z"}}, {"model": "comment.comment", "pk": 3, "fields": {"content_type": 8, "object_id": 35, "text": "22222", "comment_time": "2019-11-06T15:07:30.186Z", "user": 1, "root": null, "parent": null, "reply_to": null}}, {"model": "comment.comment", "pk": 4, "fields": {"content_type": 8, "object_id": 35, "text": "3333", "comment_time": "2019-11-06T15:18:31.118Z", "user": 1, "root": null, "parent": null, "reply_to": null}}, {"model": "comment.comment", "pk": 5, "fields": {"content_type": 8, "object_id": 35, "text": "\u5b9a\u7684\u00b7", "comment_time": "2019-11-06T15:30:52.946Z", "user": 1, "root": null, "parent": null, "reply_to": null}}, {"model": "comment.comment", "pk": 6, "fields": {"content_type": 8, "object_id": 35, "text": "111\u6765\u9e1f", "comment_time": "2019-11-07T09:34:23.494Z", "user": 2, "root": null, "parent": null, "reply_to": null}}, {"model": "comment.comment", "pk": 7, "fields": {"content_type": 8, "object_id": 35, "text": "11111", "comment_time": "2019-11-07T09:43:26.372Z", "user": 2, "root": null, "parent": null, "reply_to": null}}, {"model": "comment.comment", "pk": 8, "fields": {"content_type": 8, "object_id": 35, "text": "111", "comment_time": "2019-11-07T09:49:15.769Z", "user": 2, "root": null, "parent": null, "reply_to": null}}, {"model": "comment.comment", "pk": 9, "fields": {"content_type": 8, "object_id": 35, "text": "111", "comment_time": "2019-11-07T12:24:20.109Z", "user": 1, "root": null, "parent": null, "reply_to": null}}, {"model": "comment.comment", "pk": 10, "fields": {"content_type": 8, "object_id": 37, "text": "1", "comment_time": "2019-11-07T12:49:05.539Z", "user": 1, "root": null, "parent": null, "reply_to": null}}, {"model": "comment.comment", "pk": 11, "fields": {"content_type": 8, "object_id": 37, "text": "1", "comment_time": "2019-11-07T12:49:51.300Z", "user": 1, "root": null, "parent": null, "reply_to": null}}, {"model": "comment.comment", "pk": 12, "fields": {"content_type": 8, "object_id": 37, "text": "111", "comment_time": "2019-11-07T12:53:01.090Z", "user": 1, "root": null, "parent": null, "reply_to": null}}, {"model": "comment.comment", "pk": 13, "fields": {"content_type": 8, "object_id": 37, "text": "111", "comment_time": "2019-11-07T12:53:43.045Z", "user": 1, "root": null, "parent": null, "reply_to": null}}, {"model": "comment.comment", "pk": 14, "fields": {"content_type": 8, "object_id": 37, "text": "222", "comment_time": "2019-11-07T12:53:52.121Z", "user": 1, "root": null, "parent": null, "reply_to": null}}, {"model": "comment.comment", "pk": 15, "fields": {"content_type": 8, "object_id": 37, "text": "<p><img alt=\"smiley\" src=\"http://localhost:8000/static/ckeditor/ckeditor/plugins/smiley/images/regular_smile.png\" style=\"height:23px; width:23px\" title=\"smiley\" /></p>", "comment_time": "2019-11-07T13:02:19.810Z", "user": 1, "root": null, "parent": null, "reply_to": null}}, {"model": "comment.comment", "pk": 16, "fields": {"content_type": 8, "object_id": 37, "text": "<ol>\r\n\t<li><span style=\"color:#9b59b6\"><u><em><strong>fffcccccc</strong></em></u></span></li>\r\n</ol>\r\n\r\n<p>&nbsp;</p>", "comment_time": "2019-11-07T13:15:59.245Z", "user": 1, "root": null, "parent": null, "reply_to": null}}, {"model": "comment.comment", "pk": 17, "fields": {"content_type": 8, "object_id": 37, "text": "<p>111</p>", "comment_time": "2019-11-07T14:39:50.207Z", "user": 1, "root": null, "parent": null, "reply_to": null}}, {"model": "comment.comment", "pk": 19, "fields": {"content_type": 8, "object_id": 37, "text": "<p>111</p>", "comment_time": "2019-11-08T06:21:20.715Z", "user": 1, "root": null, "parent": null, "reply_to": null}}, {"model": "comment.comment", "pk": 29, "fields": {"content_type": 8, "object_id": 37, "text": "<p>kkkkkkkkkkkkkk</p>", "comment_time": "2019-11-08T06:53:04.909Z", "user": 1, "root": null, "parent": null, "reply_to": null}}, {"model": "comment.comment", "pk": 30, "fields": {"content_type": 8, "object_id": 37, "text": "<p>llllllll</p>", "comment_time": "2019-11-08T06:53:21.845Z", "user": 1, "root": null, "parent": null, "reply_to": null}}, {"model": "comment.comment", "pk": 31, "fields": {"content_type": 8, "object_id": 5, "text": "<p>wwwwwwwwwwwwww<img alt=\"broken heart\" height=\"23\" src=\"http://localhost:8000/static/ckeditor/ckeditor/plugins/smiley/images/broken_heart.png\" title=\"broken heart\" width=\"23\" /></p>", "comment_time": "2019-11-09T08:24:49.983Z", "user": 1, "root": null, "parent": null, "reply_to": null}}, {"model": "comment.comment", "pk": 32, "fields": {"content_type": 8, "object_id": 35, "text": "<p>bbbbb</p>", "comment_time": "2019-11-09T08:43:57.469Z", "user": 1, "root": 4, "parent": 4, "reply_to": 1}}, {"model": "comment.comment", "pk": 33, "fields": {"content_type": 8, "object_id": 35, "text": "<p>ddddd</p>", "comment_time": "2019-11-09T11:59:05.573Z", "user": 1, "root": 9, "parent": 9, "reply_to": 1}}, {"model": "comment.comment", "pk": 34, "fields": {"content_type": 8, "object_id": 35, "text": "<p>ddddd</p>", "comment_time": "2019-11-09T11:59:08.246Z", "user": 1, "root": 9, "parent": 9, "reply_to": 1}}, {"model": "comment.comment", "pk": 35, "fields": {"content_type": 8, "object_id": 35, "text": "<p>111</p>", "comment_time": "2019-11-09T12:00:50.767Z", "user": 1, "root": 9, "parent": 33, "reply_to": 1}}, {"model": "comment.comment", "pk": 36, "fields": {"content_type": 8, "object_id": 35, "text": "<p>sss</p>", "comment_time": "2019-11-09T12:01:40.641Z", "user": 1, "root": 9, "parent": 33, "reply_to": 1}}, {"model": "comment.comment", "pk": 37, "fields": {"content_type": 8, "object_id": 35, "text": "<p>qqqqq</p>", "comment_time": "2019-11-09T12:11:59.311Z", "user": 1, "root": 9, "parent": 33, "reply_to": 1}}, {"model": "comment.comment", "pk": 38, "fields": {"content_type": 8, "object_id": 35, "text": "<p>111wsw</p>", "comment_time": "2019-11-09T12:13:04.018Z", "user": 1, "root": 9, "parent": 9, "reply_to": 1}}, {"model": "comment.comment", "pk": 39, "fields": {"content_type": 8, "object_id": 35, "text": "<p>222</p>", "comment_time": "2019-11-09T12:13:41.812Z", "user": 1, "root": null, "parent": null, "reply_to": null}}, {"model": "comment.comment", "pk": 40, "fields": {"content_type": 8, "object_id": 35, "text": "<p>22222</p>", "comment_time": "2019-11-09T12:20:03.053Z", "user": 1, "root": 39, "parent": 39, "reply_to": 1}}, {"model": "comment.comment", "pk": 41, "fields": {"content_type": 8, "object_id": 37, "text": "<p>\u543e\u95ee\u65e0\u4e3a\u8c13\u65e0\u65e0\u65e0</p>", "comment_time": "2019-11-10T01:28:03.198Z", "user": 1, "root": null, "parent": null, "reply_to": null}}, {"model": "comment.comment", "pk": 42, "fields": {"content_type": 8, "object_id": 37, "text": "<p>1111111\u624b\u52a8\u9600</p>", "comment_time": "2019-11-10T01:32:05.511Z", "user": 1, "root": null, "parent": null, "reply_to": null}}, {"model": "comment.comment", "pk": 43, "fields": {"content_type": 8, "object_id": 37, "text": "<p>22222222222</p>", "comment_time": "2019-11-10T01:32:42.557Z", "user": 1, "root": null, "parent": null, "reply_to": null}}, {"model": "comment.comment", "pk": 44, "fields": {"content_type": 8, "object_id": 37, "text": "<p>11111111111\u5927\u554a\u554a\u554a\u554a</p>", "comment_time": "2019-11-10T01:33:51.013Z", "user": 1, "root": null, "parent": null, "reply_to": null}}, {"model": "comment.comment", "pk": 45, "fields": {"content_type": 8, "object_id": 37, "text": "<p>2222222222222221\u989d\u9e45\u9e45\u9e45\u997f</p>", "comment_time": "2019-11-10T01:34:03.351Z", "user": 1, "root": 44, "parent": 44, "reply_to": 1}}, {"model": "comment.comment", "pk": 46, "fields": {"content_type": 8, "object_id": 37, "text": "<p><span style=\"background-color:#2980b9\">eeeeeeeeeeeeee</span></p>", "comment_time": "2019-12-14T02:16:10.342Z", "user": 1, "root": 44, "parent": 45, "reply_to": 1}}, {"model": "comment.comment", "pk": 47, "fields": {"content_type": 8, "object_id": 35, "text": "<p>\u6d4b\u8bd5\u4e00\u4e0b\u8bc4\u8bba\u60c5\u51b5</p>", "comment_time": "2019-12-15T07:49:33.752Z", "user": 3, "root": null, "parent": null, "reply_to": null}}, {"model": "comment.comment", "pk": 48, "fields": {"content_type": 8, "object_id": 35, "text": "<p>\u6d4b\u8bd5\u4e00\u4e0b\u8bc4\u8bba\u60c5\u51b5</p>", "comment_time": "2019-12-15T07:59:09.329Z", "user": 3, "root": null, "parent": null, "reply_to": null}}, {"model": "comment.comment", "pk": 49, "fields": {"content_type": 8, "object_id": 35, "text": "<p>\u6d4b\u8bd5\u4e00\u4e0b\u8bc4\u8bba\u60c5\u51b5</p>", "comment_time": "2019-12-15T08:00:02.884Z", "user": 3, "root": null, "parent": null, "reply_to": null}}, {"model": "comment.comment", "pk": 50, "fields": {"content_type": 8, "object_id": 35, "text": "<p>\u6d4b\u8bd5\u4e00\u4e0b\u8bc4\u8bba\u60c5\u51b5</p>", "comment_time": "2019-12-15T08:01:15.231Z", "user": 3, "root": 49, "parent": 49, "reply_to": 3}}, {"model": "comment.comment", "pk": 51, "fields": {"content_type": 8, "object_id": 35, "text": "<p>\u6d4b\u8bd5\u4e00\u4e0b\u8bc4\u8bba\u60c5\u51b5</p>", "comment_time": "2019-12-15T08:01:18.563Z", "user": 3, "root": 49, "parent": 49, "reply_to": 3}}, {"model": "comment.comment", "pk": 52, "fields": {"content_type": 8, "object_id": 35, "text": "<p>\u6d4b\u8bd5\u4e00\u4e0b\u8bc4\u8bba\u60c5\u51b5</p>", "comment_time": "2019-12-15T08:07:19.858Z", "user": 3, "root": null, "parent": null, "reply_to": null}}, {"model": "comment.comment", "pk": 53, "fields": {"content_type": 8, "object_id": 35, "text": "<p>\u6d4b\u8bd5\u4e00\u4e0b\u8bc4\u8bba\u60c5\u51b5</p>", "comment_time": "2019-12-15T08:35:51.262Z", "user": 1, "root": null, "parent": null, "reply_to": null}}, {"model": "comment.comment", "pk": 54, "fields": {"content_type": 8, "object_id": 35, "text": "<p>v\u6d4b\u8bd5\u4e00\u4e0b\u8bc4\u8bba\u60c5\u51b5</p>", "comment_time": "2019-12-15T08:38:37.243Z", "user": 1, "root": null, "parent": null, "reply_to": null}}, {"model": "comment.comment", "pk": 55, "fields": {"content_type": 8, "object_id": 35, "text": "<p>v\u6d4b\u8bd5\u4e00\u4e0b\u8bc4\u8bba\u60c5\u51b5</p>", "comment_time": "2019-12-15T08:39:18.692Z", "user": 1, "root": 54, "parent": 54, "reply_to": 1}}, {"model": "comment.comment", "pk": 56, "fields": {"content_type": 8, "object_id": 35, "text": "<p>v\u6d4b\u8bd5\u4e00\u4e0b\u8bc4\u8bba\u60c5\u51b5sss</p>", "comment_time": "2019-12-15T08:40:59.335Z", "user": 3, "root": null, "parent": null, "reply_to": null}}, {"model": "likes.likerecord", "pk": 13, "fields": {"content_type": 12, "object_id": 15, "user": 1, "liked_time": "2019-11-10T01:11:37.774Z"}}, {"model": "likes.likerecord", "pk": 14, "fields": {"content_type": 12, "object_id": 16, "user": 1, "liked_time": "2019-11-10T01:11:38.682Z"}}, {"model": "likes.likerecord", "pk": 15, "fields": {"content_type": 12, "object_id": 14, "user": 1, "liked_time": "2019-11-10T01:11:40.588Z"}}, {"model": "likes.likerecord", "pk": 20, "fields": {"content_type": 8, "object_id": 37, "user": 1, "liked_time": "2019-11-10T02:09:14.493Z"}}, {"model": "likes.likerecord", "pk": 21, "fields": {"content_type": 12, "object_id": 43, "user": 1, "liked_time": "2019-11-10T02:10:00.907Z"}}, {"model": "likes.likerecord", "pk": 22, "fields": {"content_type": 12, "object_id": 31, "user": 1, "liked_time": "2019-11-16T07:56:14.424Z"}}, {"model": "likes.likerecord", "pk": 23, "fields": {"content_type": 12, "object_id": 44, "user": 1, "liked_time": "2019-12-12T07:12:34.509Z"}}, {"model": "likes.likerecord", "pk": 24, "fields": {"content_type": 12, "object_id": 49, "user": 3, "liked_time": "2019-12-15T08:00:59.513Z"}}, {"model": "user.profile", "pk": 1, "fields": {"user": 1, "nickname": "panpan"}}, {"model": "admin.logentry", "pk": 1, "fields": {"action_time": "2019-10-13T02:12:48.886Z", "user": 1, "content_type": 7, "object_id": "1", "object_repr": "BlogType object (1)", "action_flag": 1, "change_message": "[{\"added\": {}}]"}}, {"model": "admin.logentry", "pk": 2, "fields": {"action_time": "2019-10-13T02:12:56.794Z", "user": 1, "content_type": 8, "object_id": "1", "object_repr": "Blog object (1)", "action_flag": 1, "change_message": "[{\"added\": {}}]"}}, {"model": "admin.logentry", "pk": 3, "fields": {"action_time": "2019-10-13T02:17:37.946Z", "user": 1, "content_type": 8, "object_id": "2", "object_repr": "Blog\uff1a\u7b2c\u4e8c\u7bc7", "action_flag": 1, "change_message": "[{\"added\": {}}]"}}, {"model": "admin.logentry", "pk": 4, "fields": {"action_time": "2019-10-13T09:48:06.609Z", "user": 1, "content_type": 7, "object_id": "1", "object_repr": "BlogType\uff1a1", "action_flag": 2, "change_message": "[]"}}, {"model": "admin.logentry", "pk": 5, "fields": {"action_time": "2019-10-13T09:48:17.398Z", "user": 1, "content_type": 8, "object_id": "1", "object_repr": "Blog\uff1a\u7b2c\u4e00\u7bc7", "action_flag": 2, "change_message": "[{\"changed\": {\"fields\": [\"title\"]}}]"}}, {"model": "admin.logentry", "pk": 6, "fields": {"action_time": "2019-10-15T06:20:57.890Z", "user": 1, "content_type": 8, "object_id": "2", "object_repr": "Blog\uff1a\u7b2c\u4e8c\u7bc7", "action_flag": 3, "change_message": ""}}, {"model": "admin.logentry", "pk": 7, "fields": {"action_time": "2019-10-15T06:20:58.099Z", "user": 1, "content_type": 8, "object_id": "1", "object_repr": "Blog\uff1a\u7b2c\u4e00\u7bc7", "action_flag": 3, "change_message": ""}}, {"model": "admin.logentry", "pk": 8, "fields": {"action_time": "2019-10-15T06:23:07.345Z", "user": 1, "content_type": 8, "object_id": "3", "object_repr": "Blog\uff1addddddddddddd", "action_flag": 1, "change_message": "[{\"added\": {}}]"}}, {"model": "admin.logentry", "pk": 9, "fields": {"action_time": "2019-10-15T06:25:37.253Z", "user": 1, "content_type": 8, "object_id": "3", "object_repr": "Blog\uff1addddddddddddd", "action_flag": 2, "change_message": "[{\"changed\": {\"fields\": [\"content\"]}}]"}}, {"model": "admin.logentry", "pk": 10, "fields": {"action_time": "2019-10-15T06:40:34.588Z", "user": 1, "content_type": 7, "object_id": "1", "object_repr": "BlogType\uff1a\u968f\u7b14", "action_flag": 2, "change_message": "[{\"changed\": {\"fields\": [\"type_name\"]}}]"}}, {"model": "admin.logentry", "pk": 11, "fields": {"action_time": "2019-10-15T15:37:02.269Z", "user": 1, "content_type": 8, "object_id": "4", "object_repr": "Blog\uff1a12344", "action_flag": 1, "change_message": "[{\"added\": {}}]"}}, {"model": "admin.logentry", "pk": 12, "fields": {"action_time": "2019-10-15T15:37:19.252Z", "user": 1, "content_type": 7, "object_id": "2", "object_repr": "django", "action_flag": 1, "change_message": "[{\"added\": {}}]"}}, {"model": "admin.logentry", "pk": 13, "fields": {"action_time": "2019-10-15T15:37:26.453Z", "user": 1, "content_type": 8, "object_id": "5", "object_repr": "Blog\uff1a\u5fcd\u6cd5\u5e16", "action_flag": 1, "change_message": "[{\"added\": {}}]"}}, {"model": "admin.logentry", "pk": 14, "fields": {"action_time": "2019-10-20T12:02:22.707Z", "user": 1, "content_type": 8, "object_id": "36", "object_repr": "Blog\uff1afor 30", "action_flag": 2, "change_message": "[{\"changed\": {\"fields\": [\"content\"]}}]"}}, {"model": "admin.logentry", "pk": 15, "fields": {"action_time": "2019-10-20T12:02:51.327Z", "user": 1, "content_type": 8, "object_id": "5", "object_repr": "Blog\uff1a\u5fcd\u6cd5\u5e16", "action_flag": 2, "change_message": "[{\"changed\": {\"fields\": [\"content\"]}}]"}}, {"model": "admin.logentry", "pk": 16, "fields": {"action_time": "2019-10-20T12:03:13.118Z", "user": 1, "content_type": 8, "object_id": "5", "object_repr": "Blog\uff1a\u5fcd\u6cd5\u5e16", "action_flag": 2, "change_message": "[{\"changed\": {\"fields\": [\"content\"]}}]"}}, {"model": "admin.logentry", "pk": 17, "fields": {"action_time": "2019-10-20T12:49:06.773Z", "user": 1, "content_type": 8, "object_id": "36", "object_repr": "Blog\uff1afor 30", "action_flag": 2, "change_message": "[{\"changed\": {\"fields\": [\"content\"]}}]"}}, {"model": "admin.logentry", "pk": 18, "fields": {"action_time": "2019-10-20T13:00:38.059Z", "user": 1, "content_type": 8, "object_id": "36", "object_repr": "Blog\uff1afor 30", "action_flag": 2, "change_message": "[{\"changed\": {\"fields\": [\"content\"]}}]"}}, {"model": "admin.logentry", "pk": 19, "fields": {"action_time": "2019-10-20T15:14:37.233Z", "user": 1, "content_type": 9, "object_id": "1", "object_repr": "ReadNum object (1)", "action_flag": 1, "change_message": "[{\"added\": {}}]"}}, {"model": "admin.logentry", "pk": 20, "fields": {"action_time": "2019-10-20T15:24:09.229Z", "user": 1, "content_type": 9, "object_id": "1", "object_repr": "ReadNum object (1)", "action_flag": 2, "change_message": "[{\"changed\": {\"fields\": [\"read_num\"]}}]"}}, {"model": "admin.logentry", "pk": 21, "fields": {"action_time": "2019-10-21T06:33:53.163Z", "user": 1, "content_type": 10, "object_id": "1", "object_repr": "ReadNum object (1)", "action_flag": 1, "change_message": "[{\"added\": {}}]"}}, {"model": "admin.logentry", "pk": 22, "fields": {"action_time": "2019-10-21T06:55:15.129Z", "user": 1, "content_type": 8, "object_id": "36", "object_repr": "Blog\uff1afor 30", "action_flag": 3, "change_message": ""}}, {"model": "admin.logentry", "pk": 23, "fields": {"action_time": "2019-10-21T15:08:19.413Z", "user": 1, "content_type": 11, "object_id": "1", "object_repr": "ReadDetail object (1)", "action_flag": 1, "change_message": "[{\"added\": {}}]"}}, {"model": "admin.logentry", "pk": 24, "fields": {"action_time": "2019-11-05T13:07:12.296Z", "user": 1, "content_type": 12, "object_id": "1", "object_repr": "Comment object (1)", "action_flag": 3, "change_message": ""}}, {"model": "admin.logentry", "pk": 25, "fields": {"action_time": "2019-11-07T09:54:14.559Z", "user": 1, "content_type": 8, "object_id": "37", "object_repr": "Blog\uff1afor30", "action_flag": 1, "change_message": "[{\"added\": {}}]"}}, {"model": "admin.logentry", "pk": 26, "fields": {"action_time": "2019-11-07T15:48:11.518Z", "user": 1, "content_type": 12, "object_id": "18", "object_repr": "<p>563</p>", "action_flag": 2, "change_message": "[{\"changed\": {\"fields\": [\"root\", \"parent\", \"reply_to\"]}}]"}}, {"model": "admin.logentry", "pk": 27, "fields": {"action_time": "2019-11-08T01:59:01.299Z", "user": 1, "content_type": 12, "object_id": "18", "object_repr": "<p>563</p>", "action_flag": 3, "change_message": ""}}, {"model": "admin.logentry", "pk": 28, "fields": {"action_time": "2019-11-09T12:30:52.355Z", "user": 1, "content_type": 12, "object_id": "2", "object_repr": "111111", "action_flag": 3, "change_message": ""}}, {"model": "admin.logentry", "pk": 29, "fields": {"action_time": "2019-11-09T12:34:48.798Z", "user": 1, "content_type": 12, "object_id": "21", "object_repr": "<p>111</p>", "action_flag": 3, "change_message": ""}}, {"model": "admin.logentry", "pk": 30, "fields": {"action_time": "2019-11-09T12:38:51.873Z", "user": 1, "content_type": 12, "object_id": "21", "object_repr": "<p>111</p>", "action_flag": 3, "change_message": ""}}, {"model": "admin.logentry", "pk": 31, "fields": {"action_time": "2019-11-09T12:39:20.845Z", "user": 1, "content_type": 12, "object_id": "20", "object_repr": "<p>222</p>", "action_flag": 3, "change_message": ""}}, {"model": "admin.logentry", "pk": 32, "fields": {"action_time": "2019-12-13T01:28:46.883Z", "user": 1, "content_type": 15, "object_id": "1", "object_repr": "<Profile: kk for kk>", "action_flag": 1, "change_message": "[{\"added\": {}}]"}}, {"model": "admin.logentry", "pk": 33, "fields": {"action_time": "2019-12-14T08:43:47.899Z", "user": 1, "content_type": 4, "object_id": "1", "object_repr": "kk", "action_flag": 2, "change_message": "[{\"changed\": {\"fields\": [\"email\", \"last_login\"]}}]"}}]